hour,price,demand_frac
0,32.930652573860016,0.5884635790219295
1,32.865427124002835,0.5854952213580739
2,32.39311500207515,0.5640006772817081
3,31.45560089347554,0.5213351656550673
4,32.74730001917639,0.5801193520051081
5,35.45661220616233,0.7034179664512572
6,37.961460169529346,0.817411578839277
7,40.05606334938912,0.935863726175591
8,40.120026862566675,0.9651622420625677
9,40.1874818665644,0.9960600368850235
10,40.0185627896803,0.9186865779887844
11,37.950818976308,0.8169273067105249
12,37.24054429477658,0.7846032782985644
13,36.59840882390563,0.7553802104566874
14,36.63262573825999,0.7569373946567144
15,38.97691161020667,0.8636239556463025
16,40.06649901274061,0.9406437864522341
17,40.46995168354938,1.1254454631913282
18,40.62808816063506,1.1978799474158677
19,40.70389467161985,1.2326031537578792
20,40.57848567329201,1.1751595058506854
21,40.494490385101784,1.1366854264385506
22,40.11655714762949,0.9635729375800545
23,38.48280122811529,0.8411373903150844
24,33.12154966461098,0.5971511517957342
25,32.30860961772969,0.560154905335203
26,31.807517149042447,0.5373505908692237
27,31.926347582677202,0.5427584681495087
28,33.66111823195233,0.6217064825071398
29,34.71779269094647,0.6697948856599539
30,37.27723733890869,0.7862731491694932
31,39.42302199516243,0.883926079786627
32,40.14408030558306,0.9761799324198167
33,40.132485268743636,0.9708688205972533
34,39.02314129750505,0.865727831463031
35,36.89883242374755,0.7690522464019588
36,35.737964038478836,0.7162220616246169
37,36.14845343165307,0.7349031031326198
38,36.88880940111051,0.7685961067183718
39,38.45804101813938,0.840010573111039
40,40.018073637128865,0.9184625214433052
41,40.34555359536755,1.0684648631297247
42,40.55615595177815,1.1649313669004457
43,40.64854278864249,1.2072491989448484
44,40.61351672906548,1.191205496652785
45,40.344795424181626,1.0681175824781068
46,40.09963856865747,0.955823374897016
47,38.15442969512088,0.8261934664526921
48,33.58940335062333,0.6184427960462326
49,32.02289045284044,0.5471520563756865
50,31.92825560152793,0.54284530054991
51,31.98687766790257,0.5455131435525297
52,33.00127631633541,0.5916776086328566
53,35.258733259162895,0.6944126550256159
54,38.932198623883025,0.8615891036687644
55,40.002466845836366,0.9113138236949652
56,40.23647295284019,1.0185004259172385
57,40.02307856274767,0.9207550298667934
58,39.513355337676785,0.8880370774131874
59,37.98897397406071,0.8186637099126745
60,36.95683790470167,0.7716920290989397
61,36.70524730973483,0.7602423438555406
62,37.46565129534764,0.7948477165016856
63,38.558649191729046,0.8445891700203022
64,40.096393317211806,0.9543368860174235
65,40.46659492934096,1.1239079004212622
66,40.61497927485456,1.1918754164071559
67,40.61334297902064,1.1911259103668506
68,40.54099946720295,1.1579889323458499
69,40.33887855119404,1.0654073561535091
70,40.15622861969585,0.9817444731454897
71,38.788950141275905,0.8550699806559896
72,33.42632785833973,0.611021361799831
73,32.88218613089121,0.5862579102570338
74,32.512515618888074,0.569434503138974
75,32.28390271779618,0.5590305142282297
76,33.70278827548918,0.6236028526104762
77,35.378526275394265,0.6998643386642168
78,38.276759654604916,0.8317606043344342
79,40.07207592649576,0.9431982942980092
80,40.13739886623429,0.9731194961307031
81,40.20337981677618,1.0033421001068696
82,39.81825559573939,0.901912842466758
83,38.262545225980034,0.8311137171418063
84,37.238511793884,0.784510780820747
85,36.9032637761736,0.7692539136800522
86,37.744377373747156,0.8075323157301342
87,39.06936393689405,0.867831386535084
88,40.14013361833209,0.9743721505551395
89,40.44651126628713,1.1147085695555887
90,40.54667355918876,1.160587952723749
91,40.65060474801662,1.2081936803605795
92,40.57584551833499,1.1739501816889948
93,40.37919863596426,1.083875989058727
94,40.19233637161953,0.9982836451018893
95,38.5608462688446,0.8446891572294106
96,33.40092265657157,0.6098651915390596
97,32.02904602896329,0.5474321916848292
98,31.905363628456058,0.5418035053019283
99,31.429232313245144,0.5201351528167766
100,32.74037486211661,0.5798041936876595
101,34.45563339012833,0.6578642271296028
102,37.34540679178653,0.7893754860385197
103,40.03814385094795,0.9276556918809717
104,39.9431489001573,0.9075966361108784
105,40.08701643381316,0.9500418003728484
106,39.19906505448462,0.873733979882521
107,37.004217191890646,0.7738482222803336
108,35.41659997060455,0.7015970418531751
109,35.85255081410743,0.7214368134486119
110,36.2364809231931,0.7389091633394099
111,38.264644403033515,0.8312092489979781
112,40.057551735553034,0.936545482125242
113,40.43751892669026,1.110589624371815
114,40.525752411654665,1.151005011716429
115,40.54760252236636,1.1610134647237182
116,40.55751661331196,1.165554618526016
117,40.34145645635847,1.0665881667697934
118,40.13855504072265,0.9736490823734328
119,38.54700398706527,0.8440592061398449
120,33.968787159215,0.6357082474649915
121,32.16460763756734,0.5536014912558641
122,31.852052471947424,0.5393773575277404
123,31.859948187824507,0.5397366851948807
124,33.14406674135017,0.5981758858137094
125,34.799547307107346,0.6735154723629674
126,38.52648751203152,0.8431255178933846
127,40.048681410676,0.9324824258385834
128,40.08525978198769,0.9492371652166524
129,40.07231310518695,0.9433069341038435
130,39.963222089126845,0.9085101507657597
131,38.41296326703443,0.8379591209822338
132,37.720948724931816,0.8064660968015247
133,37.8454468275048,0.8121319051281397
134,37.329390802441,0.7886466112692058
135,38.258867556039135,0.8309463493462896
136,39.97147903377868,0.9088859176633584
137,40.43228781500805,1.1081935113205756
138,40.574699168138594,1.1734250954676062
139,40.69204709383668,1.2271763654428152
140,40.59049772513279,1.1806616315815774
141,40.40270755604173,1.094644260439686
142,40.19954335821599,1.0015848085434176
143,38.8599270396753,0.8583000821084426
144,32.63727054039981,0.5751119990885446
145,31.677325935593394,0.5314256936541898
146,31.606135412328285,0.5281858703062391
147,31.870942284183116,0.5402370176610376
148,33.65032457936154,0.6212152720753371
149,35.10499235631278,0.6874160304224515
150,38.24210809179179,0.8301836396332921
151,39.80398453644672,0.9012633780580723
152,40.05090266640359,0.9334998730204381
153,40.02329633985431,0.9208547827681268
154,38.85699030568479,0.8581664337109757
155,38.62436571895218,0.8475798762193687
156,35.89446959434491,0.72334450335876
157,36.39765252751981,0.746243953179061
158,36.231231709628844,0.7386702758599554
159,38.85354114761449,0.8580094653065538
160,40.102933503253794,0.9573326211660376
161,40.34124044707741,1.0664892236217636
162,40.5691137584497,1.1708666960555687
163,40.60520903861038,1.187400155315337
164,40.60646980032898,1.1879776477857664
165,40.32014154459583,1.0568248618810532
166,40.002192400994915,0.9111881141123009
167,37.59468822584873,0.8007200832298872
168,33.88839433311668,0.6320496347303841
169,32.56028041261166,0.571608240412114
170,31.9319636733711,0.5430140519115012
171,32.192272375262675,0.5548604911759305
172,33.6955615984531,0.6232739723618727
173,35.398041762961654,0.7007524727776862
174,37.79340558951441,0.8097635503224071
175,40.111193573336436,0.9611161499705312
176,40.18892896472799,0.996722880847617
177,40.21477799326112,1.008563039955809
178,39.705905349909614,0.8967998733116946
179,37.14492892697895,0.7802518999576566
180,35.88803572877973,0.7230517033213442
181,37.06775152229997,0.7767396184608341
182,37.83872841524463,0.8118261555999249
183,38.54671289772456,0.8440459588985113
184,40.089415676952385,0.951140774768391
185,40.49556020127818,1.1371754562177665
186,40.5285500752305,1.1522864827715822
187,40.6291321651551,1.198358154154316
188,40.665163233477,1.2148622011525458
189,40.36296504709155,1.0764401863977735
190,40.112279370965965,0.961613500061524
191,38.51034598618244,0.8423909300589524
192,33.93315839289836,0.6340868110198423
193,32.6367668743314,0.5750890776516289
194,32.30573909694917,0.5600242702475684
195,31.43789167016984,0.5205292331726463
196,33.26756966437037,0.6037964043207993
197,35.03233495993098,0.6841094508609775
198,37.498728401881536,0.7963530289662684
199,40.00646152616345,0.9131435888096735
200,40.157155273462436,0.9821689273187121
201,40.19332477435077,0.9987363834160516
202,38.97223776780346,0.8634112528447491
203,37.960810882910366,0.8173820303284466
204,36.4609537304968,0.7491247399179709
205,36.234150567750476,0.738803110741034
206,37.61479328624655,0.8016350483277874
207,39.10314027989776,0.8693685206879584
208,40.21571589737634,1.0089926473562618
209,40.399622458827224,1.0932311302774758
210,40.58147860033199,1.1765304174231335
211,40.70507842412569,1.2331453721238754
212,40.65531027749617,1.2103490502482661
213,40.423270112360754,1.1040629485801854
214,40.060909966290694,0.9380837212201831
215,38.80460280999969,0.8557823209965746
216,34.301026094853,0.6508281737053122
217,33.24053466029471,0.6025660630703202
218,31.700249087776996,0.5324689078384217
219,32.017448683231635,0.5469044058258075
220,32.63534520561399,0.5750243786538903
221,35.06772052691666,0.685719819500547
222,38.23623193904419,0.8299162206567956
223,40.12306392174138,0.966553368379111
224,40.12010071895568,0.9651960720146633
225,40.08218516099099,0.9478288336907054
226,38.38625908234492,0.8367438350554416
227,37.760745227683515,0.8082772035734418
228,36.08424558596164,0.7319810558143546
229,36.04815952773859,0.7303388083830336
230,36.561005634075784,0.7536780214272951
231,38.64569412272361,0.8485505146884229
232,40.00828145846663,0.9139772096170508
233,40.292880866463165,1.0443380960409314
234,40.788815408182415,1.2715011352118624
235,40.60458950990082,1.1871163799121753
236,40.536269474030235,1.1558223568525448
237,40.52909610645723,1.152536592619782
238,40.301889827128804,1.0484646545127065
239,37.99726978979176,0.8190412458017652
240,33.0369386177055,0.5933005712312662
241,32.7960392200613,0.5823374337629755
242,31.30852731217928,0.5146419654832419
243,31.677946234591268,0.5314539229617415
244,33.12495978051618,0.5973063434226831
245,35.08140675064489,0.6863426685139591
246,37.334644501645656,0.7888857028865405
247,39.812872842965334,0.9016678777254719
248,40.01745794608041,0.9181805038825361
249,40.04673087974329,0.9315889842704017
250,38.92031483863181,0.8610482821780229
251,37.44220265399919,0.7937805877290042
252,35.85524970427937,0.7215596377655519
253,36.05019521496271,0.730431450868232
254,37.008396238210395,0.7740384073108395
255,38.23181786312615,0.8297153396186601
256,40.078817715052324,0.9462863735688114
257,40.33121051463246,1.0618950085687542
258,40.54521190870254,1.159918443063255
259,40.572582041552835,1.1724553446858585
260,40.56922644688454,1.1709183130436704
261,40.320602916846155,1.0570361936471584
262,40.18462326310757,0.9947506522900612
263,38.957303703461534,0.8627316156105257
264,33.09364622720361,0.5958812888441184
265,32.21085763911594,0.5557062915577512
266,32.533601629944144,0.570394110510874
267,32.312707960702966,0.5603414176214421
268,33.51037054215095,0.6148460766178705
269,34.64999082529857,0.666709277389557
270,38.71249886392319,0.8515907446286661
271,40.09324018835774,0.9528925939322125
272,40.1116817332488,0.9613397518372442
273,40.10996270338116,0.960552349435695
274,39.96205005905581,0.9084568126216577
275,38.0152240401237,0.8198583292667057
276,36.596464501161435,0.7552917258953483
277,36.38321212032193,0.7455867818836712
278,37.011381844178814,0.774174279832639
279,38.930518398634945,0.8615126379716626
280,40.22948417101361,1.0152992112683805
281,40.23135837586594,1.0161576916412278
282,40.623791475314164,1.1959118487783462
283,40.744100177624304,1.2510193038080781
284,40.66580227824579,1.2151549158953832
285,40.389445045720436,1.0885693616411944
286,40.02297258098628,0.9207064848734753
287,38.98317667271803,0.863909073592761
288,33.62501797878244,0.6200635890752261
289,33.81262678847668,0.6286015148278599
290,32.770385673141746,0.5811699615144823
291,32.9963673179048,0.5914542040699863
292,33.74658502306268,0.6255960073008063
293,36.31105772706876,0.7423030935892572
294,40.01597498333295,0.9175012321312217
295,40.238552159825545,1.019452807609031
296,40.447131920191524,1.1149928603547448
297,40.36010981996753,1.0751323483335664
298,40.137776328205604,0.9732923927558847
299,40.01723977756839,0.9180805716977943
300,38.08003471388969,0.8228078108048806
301,37.95078372242894,0.8169257023348966
302,38.10638639523427,0.8240070545884948
303,40.01236219762097,0.9158463940161692
304,40.22812837375169,1.014678187724724
305,40.65064236690553,1.2082109117095126
306,40.71644623311968,1.2383524021299712
307,40.97645487796707,1.357449478468897
308,40.79946128935816,1.2763774858571608
309,40.66441800553764,1.2145208491608208
310,40.32537400699644,1.05922159362946
311,40.112224922930395,0.9615885601144184
312,32.98446673971743,0.5909126183462523
313,32.820369233341054,0.583444673062034
314,31.873247379310456,0.5403419206828205
315,32.229954356252435,0.5565753677663583
316,34.157912380309995,0.6443151838785377
317,36.02132247831052,0.7291174758890531
318,38.12579635582394,0.8248903862542428
319,40.03651605471174,0.9269100790852048
320,40.22291315814135,1.01228935587634
321,40.09709650655749,0.9546589822124649
322,39.734953610656035,0.8981218362509634
323,38.462462094356525,0.8402117727271454
324,37.616644258002665,0.8017192845608817
325,37.0175157335982,0.7744534281973823
326,36.23279780511568,0.7387415476035903
327,39.338093663350804,0.8800610598417509
328,40.17635507782266,0.9909634063135293
329,40.487444061277486,1.1334578546518315
330,40.8166226608045,1.2842382597419033
331,40.604674650419,1.1871553785647007
332,40.63952537751324,1.203118769734424
333,40.50025006881418,1.1393236521451817
334,40.06831927951791,0.9414775604656329
335,39.962709377273654,0.9084868176624682
336,33.72895271639925,0.6247935752327953
337,32.405406990841726,0.5645600757855007
338,32.38596405396957,0.5636752433957094
339,32.59718207560941,0.573287605359512
340,33.40006782947577,0.6098262890467557
341,35.55443411219525,0.7078697625692081
342,38.337861143520115,0.834541283858938
343,40.01038976244202,0.9149429191981717
344,40.17254368687169,0.989217596979722
345,40.12850291378757,0.9690447011242652
346,40.001586673800844,0.9109106604995014
347,38.51053044998383,0.842399324857912
348,36.197613396066586,0.7371403334996202
349,36.358555006973475,0.7444646565240651
350,37.88740317111116,0.8140413045169362
351,38.40809249247971,0.8377374559571545
352,40.081629459634186,0.9475742944350922
353,40.428940827127875,1.1066604220215477
354,40.706773450417415,1.2339217796767123
355,40.728313337635456,1.2437881346736608
356,40.74494298214479,1.2514053507965266
357,40.4759203304764,1.1281794045920963
358,40.1865200781789,0.995619489283861
359,39.09430081808205,0.8689662439036281
360,34.586495254166266,0.663819645112522
361,33.00410019354803,0.591806121009302
362,33.89172021957907,0.6322009931432641
363,33.196337056875976,0.6005546657534863
364,34.63436187465307,0.6659980164396032
365,37.59678441627612,0.8008154791671126
366,38.981640276521574,0.8638391534398998
367,40.17634773197507,0.9909600415447463
368,40.27657918132695,1.0368711018559518
369,40.28716372790821,1.0417193581627402
370,40.19651939693769,1.0001996817241963
371,40.00099479352433,0.9106395494734885
372,38.49004776654664,0.8414671744397811
373,37.23676125084886,0.7844311150178179
374,37.472603712553564,0.7951641154064181
375,40.066854616497494,0.9408066709124978
376,40.305071560980466,1.049922049129889
377,40.681648185475495,1.2224131408059575
378,40.95359770582925,1.3469797405238846
379,41.00083627139287,1.3686173866582072
380,40.95859832257453,1.3492702752659251
381,40.66328536020515,1.2140020404584886
382,40.37387018817644,1.0814352911606802
383,40.01525416729076,0.917171062019944
384,33.10561926271866,0.5964261720424487
385,32.58436879206893,0.572704483150622
386,31.62653809923345,0.5291143801466587
387,32.06326211426894,0.5489893381555174
388,32.84582901655193,0.5846033272802819
389,34.97728050500521,0.6816039669805883
390,38.14145779397512,0.8256031256844018
391,38.8830296482319,0.8593514632076023
392,40.04168541713982,0.9292779078629095
393,39.89019015294741,0.9051865261999024
394,37.90791950818566,0.8149749864849821
395,37.132151118383774,0.779670392184942
396,36.6447980220089,0.7574913454816121
397,35.841825955503325,0.7209487337757086
398,36.764392051914825,0.7629339734128863
399,38.920257757495506,0.8610456844615063
400,40.1590972292329,0.9830584410299846
401,40.344913119151826,1.0681714927119763
402,40.673355879403985,1.2186148462923125
403,40.66165627076752,1.2132558353112317
404,40.505288351741726,1.1416314398988985
405,40.3079291401432,1.0512309645464883
406,39.8420946519374,0.9029977387046438
407,37.78981762690216,0.8096002650351306
408,33.22269749870506,0.6017543082196906
409,32.799813848509515,0.5825092140620303
410,31.176141538660296,0.5086171956078179
411,31.909360237836367,0.5419853877743293
412,32.43195930291654,0.5657684501119778
413,35.107110497818155,0.6875124253355469
414,37.47264701702902,0.7951660861582015
415,38.80988299903575,0.8560226181447905
416,40.16304198727153,0.9848653392180817
417,40.02523637681989,0.9217434175699637
418,38.77703051121293,0.8545275278967488
419,36.77440147389551,0.7633894941415619
420,35.81562203377398,0.7197562144131179
421,36.037826291806795,0.7298685511423748
422,36.421732139514006,0.7473397969173895
423,38.33568026603861,0.8344420338821218
424,40.080518252842936,0.9470653056661816
425,40.42047787311802,1.102783962143233
426,40.52047078440262,1.1485857599857816
427,40.51460257382834,1.1458978235014048
428,40.627619829846736,1.197665428288314
429,40.305535865417426,1.0501347239853995
430,40.12573552903437,0.9677770992973931
431,38.32058835091662,0.8337552129860959
432,33.197227243642345,0.6005951774359047
433,33.032703947970774,0.5931078548239664
434,32.529184844717065,0.5701931061742668
435,31.931387559678946,0.5429878334416081
436,33.04315119032563,0.5935833004050717
437,35.55351279229808,0.7078278340430939
438,37.29408117681818,0.7870396986598666
439,40.03320123728807,0.9253917254782023
440,40.12730654114462,0.9684967020988073
441,40.10563232069383,0.9585688157043802
442,38.82049871537296,0.8565057308410752
443,36.694775294428425,0.7597657708773727
444,35.303767341726996,0.6964621198343148
445,35.480533470475436,0.7045066039142169
446,36.476379541536645,0.7498267561481631
447,38.20483468276676,0.8284873568237481
448,40.20218083897237,1.002792907786307
449,40.4332007553667,1.1086116840611444
450,40.50181884977222,1.1400422329663218
451,40.688436814440394,1.2255226753467932
452,40.5444692013653,1.1595782456344628
453,40.33532877951825,1.0637813816459845
454,40.092486426003845,0.9525473327480867
455,38.661807315492595,0.8492838131072107
456,33.33623394610217,0.606921260452233
457,31.765737299328613,0.5354492235752559
458,31.672967010958757,0.5312273225065208
459,32.70005118050359,0.5779690954305686
460,32.930761668730156,0.5884685438415604
461,35.55026019906035,0.7076798111458081
462,37.606591975580045,0.8012618132880308
463,40.02674821763702,0.9224359169340336
464,40.10321660031818,0.9574622939032996
465,40.05390485599919,0.9348750273106393
466,38.65423745870564,0.8489393150246822
467,37.57107019338176,0.7996452456038989
468,35.73517024522458,0.7160949183448746
469,36.16616413243578,0.7357091028538291
470,37.06950358055862,0.7768193532203636
471,38.37383809804298,0.8361785660687807
472,40.04268194625493,0.9297343684708497
473,40.36250654922473,1.0762301712443252
474,40.52546086361254,1.150871468005023
475,40.706618455587076,1.2338507842251885
476,40.409588825441816,1.0977962289733942
477,40.30743889718917,1.051006408541613
478,39.36696664363991,0.8813750459086496
479,37.316426408198936,0.7880566121340532
480,34.42043229433733,0.6562622536254547
481,32.9527306578462,0.5894683348334597
482,32.1101010434505,0.5511209400794187
483,31.66389637058633,0.5308145249723597
484,33.72991090828374,0.6248371817733406
485,37.37710979733528,0.7908182642745296
486,39.32830633533611,0.8796156464305026
487,40.12761711350471,0.968638959907583
488,40.319910742931356,1.0567191430751692
489,40.13771246055913,0.9732631381517856
490,40.05667091160866,0.9361420203226303
491,38.906092866313585,0.8604010516779897
492,37.50115808411569,0.7964636018468892
493,37.63126462681987,0.8023846457645526
494,38.14902607455633,0.8259475520350767
495,40.01433465098657,0.9167498771645674
496,40.19167308866329,0.9979798280464228
497,40.59958007041726,1.184821803910908
498,40.90329588628798,1.3239389695317867
499,40.77718824527825,1.2661753080309501
500,40.69521866836766,1.2286291065786064
501,40.6324920177162,1.1998971361262105
502,40.22383236047918,1.0127103969192752
503,40.05262923917924,0.9342907304543793
504,33.417053421271405,0.6105992896422611
505,32.16691527066956,0.5537065097788384
506,31.699378282898493,0.5324292782101019
507,32.27015111460504,0.558404689848144
508,32.63865214693753,0.5751748748887678
509,34.41216877603182,0.6558861875661745
510,37.23110928087114,0.784173898418531
511,40.00858270341061,0.9141151949986968
512,39.979331131533655,0.9092432603049098
513,40.09264270605273,0.95261891689454
514,38.693456762529706,0.8507241539385135
515,37.850211435827376,0.8123487386135435
516,34.90909766538462,0.6785010208916858
517,35.39438682664584,0.7005861395711283
518,35.61244001056134,0.7105095642622715
519,37.63042001795813,0.8023462082958466
520,40.064640634154074,0.9397925553075299
521,40.30636297850309,1.0505135835050967
522,40.51644738450838,1.1467428398604615
523,40.60686930114875,1.1881606393153608
524,40.55099342841065,1.16256667075751
525,40.248839064509156,1.0241647289111602
526,40.091743368613606,0.9522069749773614
527,38.39285893930371,0.8370441892274235
528,33.623597273817154,0.6199989339370703
529,32.74426036543983,0.579981019812932
530,32.8394687850861,0.5843138782713929
531,32.18400972080239,0.5544844644295503
532,33.19530616508017,0.6005077506985591
533,35.10901708244732,0.6875991924656808
534,37.64145233434846,0.8028482801248492
535,39.88486143531702,0.904944020554463
536,40.126033486929046,0.9679135790446318
537,40.135458012105886,0.9722304870270647
538,40.00031706141601,0.910329113977434
539,38.01379464614615,0.8197932786986036
540,36.358046435784175,0.7444415118590504
541,36.87738048851425,0.7680759861156172
542,37.52048804980954,0.7973432930093886
543,38.753272956801666,0.8534463407395034
544,40.094107400339965,0.9532898207694566
545,40.455875731170266,1.1189979668935703
546,40.65719955316112,1.2112144338135937
547,40.61158266289044,1.19031959677423
548,40.636985702248225,1.2019554703407065
549,40.4350569617428,1.1094619202238898
550,40.07744597699798,0.945658048338044
551,38.90451644649792,0.8603293100824697
552,32.67912337857135,0.5770166880284078
553,31.9220669457861,0.5425636598139632
554,30.925145890938097,0.49719458593410987
555,31.234550071379175,0.5112753208658313
556,31.24001975083243,0.5115242415702412
557,33.57539732686617,0.617805393191201
558,36.41614086469387,0.747085342505815
559,38.18730090152118,0.8276894085681115
560,40.03030535373043,0.9240652647163493
561,40.06393778950496,0.9394706170009011
562,37.381127963527334,0.7910011277800626
563,35.95174835812868,0.7259512137429124
564,35.33903685198874,0.6980672068258975
565,35.67296575693277,0.7132640422075457
566,35.02144842163868,0.6836140132757468
567,37.27086796260842,0.7859832839865581
568,40.04961320821563,0.9329092361193568
569,40.091064654826496,0.9518960898228983
570,40.313114466817424,1.0536061057542925
571,40.45300188920575,1.117681602293328
572,40.36766866481136,1.0785946806030486
573,40.25255746011304,1.025867941684544
574,39.56927368655458,0.8905818764112012
575,36.1902836850618,0.736806764258127
576,33.25191854485671,0.6030841344835192
577,33.19876854027754,0.600665320603784
578,31.948800300527637,0.5437802732463178
579,32.05925724911904,0.5488070799696955
580,33.62075982980285,0.6198698041464129
581,35.9134062000134,0.7242062930234772
582,38.567958953926606,0.8450128497960389
583,39.73692960849411,0.8982117623203006
584,40.233071930771004,1.016942586233713
585,40.08714891156258,0.9501024818653607
586,40.00714499661238,0.9134566527552181
587,37.328089479588826,0.7885873891148188
588,37.075244906494675,0.7770806363373114
589,36.1384811802061,0.734449274004982
590,36.58613707977443,0.7548217332699378
591,39.37014410317204,0.8815196495315368
592,40.16475036221635,0.9856478611274581
593,40.3871514167525,1.0875187638641581
594,40.77439453059306,1.2648956457669198
595,40.71083740009904,1.2357832736503223
596,40.66171364378825,1.213282115049098
597,40.45104677828877,1.116786062861293
598,40.1085885951247,0.9599229385327909
599,39.18506249827648,0.8730967348328509
600,32.63809267920753,0.5751494139631983
601,32.555889965068374,0.5714084346822736
602,31.19473887355641,0.5094635453330715
603,30.82112410276259,0.49246063817576013
604,33.332561492998764,0.606754130070787
605,35.890947043729355,0.7231841949187428
606,37.17358757353398,0.7815561318690295
607,38.57919292595709,0.8455240988107292
608,40.06679116500679,0.940777606928737
609,40.0266881710435,0.9224084125649558
610,38.80448122514912,0.8557767877679989
611,36.60209380417197,0.7555479109392247
612,36.26617019160372,0.740260298020948
613,35.94006843755494,0.7254196699693669
614,35.634172879457296,0.7114986096132214
615,38.371939563661314,0.8360921652989239
616,40.164872704148394,0.9857038999042785
617,40.319881986542654,1.0567059711984306
618,40.498485528414946,1.1385154036242358
619,40.59614804061202,1.1832497611199775
620,40.57022020696236,1.171373505292834
621,40.1887267063248,0.9966302362953592
622,40.04910571613476,0.9326767791441957
623,37.74022991771133,0.8073435683479941
624,34.28637837563606,0.6501615678069885
625,34.21578538195375,0.646948937548857
626,32.539582055663345,0.5706662748662835
627,33.323177883346744,0.6063270895569048
628,34.41043988609428,0.6558075071782694
629,36.135791115559655,0.734326851330596
630,39.61543681863077,0.8926827233533987
631,40.29245503931446,1.044143045724565
632,40.31710566116931,1.0554342741164935
633,40.17688670270009,0.9912069173269699
634,40.120668025674846,0.9654559271117076
635,38.754974343551226,0.8535237694794859
636,37.75967870608092,0.8082286670347184
637,37.56971207202463,0.79958343859532
638,37.430229281677995,0.7932356892028978
639,39.21681403421002,0.8745417216475662
640,40.320914962737874,1.0571791264077532
641,40.5484028899851,1.1613800734703041
642,40.61422145383534,1.191528296149561
643,40.99310505450798,1.3650760992980364
644,40.85405758731797,1.3013853446141537
645,40.53345496806347,1.154533171132676
646,40.197134496716856,1.0004814284538068
647,40.06472709236789,0.939832157531129
648,34.332534557526955,0.652262098451854
649,32.76877120534857,0.5810964883861649
650,32.2200084561745,0.5561227378682907
651,32.133473552245334,0.5521846041209326
652,33.62044614522979,0.6198555286142621
653,35.72078430398051,0.7154402257511536
654,38.85579991777594,0.8581122601164671
655,40.02954661511626,0.9237177241539705
656,40.15181176210103,0.9797213295440248
657,40.10572571123673,0.9586115932844204
658,40.02373819304398,0.9210571738197476
659,38.76179776713657,0.8538342979884905
660,36.483184987548015,0.7501364665122622
661,36.19576310198545,0.7370561281069683
662,37.27148747447326,0.7860114774723194
663,38.67184725578335,0.8497407226995851
664,40.19249442429465,0.9983560412005874
665,40.25005074945297,1.0247197417428933
666,40.57266892012045,1.1724951394527012
667,40.661194164364034,1.2130441672659409
668,40.45502893677353,1.118610092340509
669,40.342603375917236,1.0671135137878693
670,40.0728492343884,0.9435525083249274
671,38.65134208436396,0.8488075488715064
672,33.77633685867178,0.6269499893651299
673,32.67841900036666,0.5769846323439055
674,32.51138366584638,0.5693829888681823
675,33.050374472529015,0.5939120261575741
676,33.38971100390182,0.6093549582604909
677,35.573111908218635,0.7087197740155278
678,39.171267597932655,0.8724689400342353
679,40.12433751557472,0.9671367386054487
680,40.30512175469336,1.0499450403825843
681,40.21502101636743,1.0086743567986014
682,40.093745097227924,0.9531238676665634
683,38.05000953026348,0.8214413888925648
684,37.33412923503906,0.7888622535184803
685,36.91282756522902,0.7696891540133932
686,37.104789738354,0.7784251978277872
687,38.60100108344008,0.8465165704846077
688,40.256718977708545,1.0277741266848504
689,40.47594799471554,1.128192076209237
690,40.652745733967805,1.2091743599353686
691,40.81849744789318,1.2850970068083771
692,40.828401177698765,1.2896334146858448
693,40.331675142450806,1.062107831549247
694,40.11181339505171,0.961400059585095
695,38.92967457606187,0.8614742362863201
696,34.226857814994474,0.6474528350542932
697,33.60491065810962,0.6191485211140318
698,32.303746833522524,0.5599336039444024
699,32.428871157897106,0.5656279111205935
700,34.20942971112744,0.6466596960909979
701,36.302983939337565,0.741935662015528
702,39.48181571276311,0.8866017344982261
703,40.16135591574273,0.9840930333984215
704,40.31760162626205,1.0556614511495759
705,40.26287923415347,1.0305958349112057
706,40.13279342799095,0.9710099730786369
707,39.39414168598584,0.8826117601879652
708,36.76983292037414,0.7631815829521782
709,36.1347153836044,0.7342778956361452
710,38.58742210688928,0.845898602203819
711,40.05416380737921,0.93499364010635
712,40.17932201617016,0.992322413753733
713,40.40203289986202,1.0943352338741101
714,40.789406921840865,1.2717720783083042
715,40.95289073081851,1.346655910303265
716,40.9304429039551,1.3363736731447096
717,40.58222279668817,1.176871296897724
718,40.22181597284862,1.011786789661109
719,39.259544699126536,0.8764863597752344
720,33.03620148526316,0.5932670249278017
721,32.022812800372506,0.5471485224744438
722,32.60904205423053,0.5738273434297012
723,32.63428744784943,0.5749762409503744
724,33.51950420472396,0.6152617422415958
725,34.755946937230334,0.6715312546633614
726,38.33000802008698,0.8341838945396003
727,40.06622790020934,0.9405196032357407
728,40.172428836191145,0.9891649895740106
729,40.17926843795455,0.9922978722280514
730,39.81220470998501,0.9016374715319239
731,38.048558313482346,0.8213753451862561
732,36.749764783861266,0.7622682982305286
733,36.29734613507296,0.7416790900864294
734,35.925814966461985,0.7247710059854782
735,38.54459214875982,0.8439494453220407
736,40.06201326237169,0.9385890864847087
737,40.281698022011525,1.0392157891263898
738,40.72441923303157,1.2420044383140476
739,40.818150317481724,1.2849380035677873
740,40.69941421727394,1.2305508796360671
741,40.39018473660697,1.08890817738339
742,40.180226934346265,0.9927369119299921
743,38.45963988605472,0.8400833363014866
744,32.84443753480461,0.5845400020672277
745,32.66809998607167,0.5765150223184778
746,32.014240860846186,0.5467584204139324
747,31.63359308647766,0.5294354469311822
748,33.17866388230773,0.5997503738200588
749,35.28362668683914,0.6955455348598559
750,39.01545000715201,0.8653778070367627
751,40.10139553619504,0.9566281546652781
752,40.165251117661626,0.9858772323836621
753,40.13668613697122,0.9727930301722245
754,39.653556072329195,0.8944174998724408
755,37.7168931693746,0.806281531736112
756,36.05406228099913,0.730607437927439
757,36.212863852475266,0.7378343694818499
758,36.60682309382517,0.7557631371004453
759,37.974571757184975,0.8180082766280714
760,40.14897484684808,0.9784218792405691
761,40.42280532673735,1.1038500533170112
762,40.47918247514269,1.1296736314189701
763,40.69540949826508,1.2287165162986722
764,40.69668292688502,1.229299810848932
765,40.47036458738286,1.1256345939773662
766,40.18046114180193,0.9928441907600545
767,38.651159317380475,0.8487992312933625
768,32.18193665847309,0.5543901210334327
769,31.992399294810554,0.545764428343745
770,31.499887324677587,0.5233506054527419
771,31.922098766438303,0.5425651079462039
772,32.92732360725756,0.5883120804343579
773,34.468045306497956,0.6584290834419714
774,36.46815441541088,0.7494524372860464
775,39.223789124538925,0.8748591523878559
776,40.0662118233254,0.9405122392118477
777,39.99496427193658,0.9099547119273478
778,38.28688748490623,0.8322215137303676
779,37.02908685465505,0.7749800205925857
780,35.494417982167036,0.7051384768530609
781,35.15098324540175,0.6895090387250954
782,36.25647726056022,0.739819180539793
783,37.492922633776814,0.7960888131381533
784,40.02220127318232,0.9203531869880801
785,40.28981478770848,1.0429336772927733
786,40.39924526546494,1.0930583566887824
787,40.528819588885085,1.152409933621894
788,40.59025412368817,1.1805500498306563
789,40.1924197711036,0.9983218462729605
790,38.792978047903446,0.8552532874408924
791,36.676591507953276,0.7589382414075166
792,33.17811935319459,0.5997255927389047
793,32.367582305213574,0.5628387048219716
794,32.322493674537654,0.5607867575726593
795,31.040202922082052,0.5024307387076739
796,33.24089184929444,0.6025823184538723
797,35.90003965034204,0.7235979921187974
798,37.28217105049383,0.786497678408112
799,40.00637137006828,0.9131022927698642
800,40.09783492651893,0.9549972158068482
801,40.04675626386998,0.9316006114810085
802,39.268321276401366,0.8768857747347822
803,38.428957714331005,0.8386870153902585
804,37.35699050860687,0.7899026516567698
805,35.9839194178757,0.7274152927483238
806,37.80349602312586,0.810222757825119
807,38.53427073932694,0.8434797262958182
808,40.20835348884208,1.0056202928264435
809,40.36775889010582,1.0786360083396218
810,40.60661838672726,1.1880457078521125
811,40.71143822268324,1.2360584807043786
812,40.842816600144275,1.2962364053997102
813,40.43450740271591,1.1092101944652426
814,40.053433855894184,0.9346592855013834
815,39.00615072368812,0.8649546041397514
816,32.71926166683123,0.5788433491833888
817,32.50082596993957,0.5689025166349322
818,31.66821871913485,0.5310112315718231
819,31.86671000831675,0.5400444101967585
820,32.83543403637252,0.584130260108668
821,35.04247143676936,0.6845707537538448
822,37.76181781965066,0.8083260163695641
823,38.742912746878446,0.8529748559342307
824,40.14620269188386,0.9771520924164029
825,40.0016687556692,0.9109482581360976
826,38.25344321813681,0.8306994920993261
827,37.29685456737889,0.7871659134294658
828,36.16977657745947,0.7358735023159224
829,35.502109370327304,0.7054885057304576
830,36.92395470948256,0.7701955413820373
831,37.42219041940858,0.7928698470587905
832,40.032946792678345,0.9252751770106488
833,40.28765021913617,1.0419421956878068
834,40.54249281970853,1.1586729631305253
835,40.65196640755181,1.2088173891211322
836,40.469418074752,1.1252010434424593
837,40.37841998662067,1.0835193283778128
838,40.060839723189304,0.938051546336096
839,37.080931025027795,0.7773394070098375
840,31.854931870578696,0.539508396639209
841,31.105551001993128,0.505404677166466
842,30.67627336419426,0.4858685977853002
843,30.802409658286564,0.49160895888789263
844,31.866612256820567,0.5400399616049357
845,34.07018815342765,0.6403229250019463
846,35.57513814613941,0.7088119864705447
847,37.63849823541287,0.8027138414627248
848,38.70466555887191,0.8512342572279171
849,39.11168134515235,0.869757217685242
850,38.18231066798032,0.827462307060833
851,35.712373218059284,0.7150574440085933
852,33.70561387568068,0.6237314433983018
853,33.80074605924605,0.6280608324141524
854,34.79058344145926,0.6731075340604719
855,36.3980794090878,0.7462633802152356
856,38.67764814100735,0.8500047163117338
857,40.14247863002842,0.9754462842139552
858,40.318303765969944,1.0559830665575571
859,40.49296302148157,1.1359858168475658
860,40.29285213255241,1.0443249344602292
861,40.08484485483005,0.9490471076460794
862,39.172191820295296,0.8725110006492135
863,35.86992638944757,0.7222275618809764
864,33.44416745290772,0.6118332273733443
865,32.57892694976485,0.5724568292924396
866,32.68016622692262,0.5770641472165398
867,31.99063932493528,0.5456843335329178
868,34.14439793006707,0.6437001521380258
869,35.35742900354944,0.6989042188228949
870,37.51177528239782,0.7969467819852928
871,40.0699542811238,0.942226473684214
872,40.11430461153634,0.9625411624127325
873,40.09247219649684,0.952540814916024
874,40.00447504947593,0.9122336822723822
875,38.29015797830907,0.832370351249743
876,36.433807502578176,0.7478893369600236
877,36.92424369727951,0.7702086929838078
878,37.73952489428787,0.8073114833001054
879,39.659959824281856,0.8947089294636161
880,40.169894097142745,0.98800395121652
881,40.515210409196385,1.1461762427642443
882,40.49457376244506,1.1367236174680166
883,40.70431066593416,1.2327937001400484
884,40.57454095226318,1.1733526246149433
885,40.42531134157785,1.1049979345381955
886,40.09881618125725,0.9554466799796517
887,38.70802882836753,0.8513873169125159
888,34.31076141980547,0.6512712204991034
889,33.7279828670905,0.624749438172266
890,32.89889404090292,0.5870182737783105
891,33.14288643205171,0.5981221708886383
892,34.29869145761596,0.6507219262459218
893,36.816965578704114,0.7653265522529344
894,40.02240017434734,0.9204442937558889
895,40.32477972330915,1.0589493817200724
896,40.365012376911,1.0773779667394248
897,40.33656784446812,1.0643489359017653
898,40.0521698887933,0.9340803248041624
899,39.25625879044614,0.8763368207189993
900,38.479150968577656,0.8409712699449322
901,38.09879719102817,0.8236616760205113
902,38.51591095222605,0.8426441871793071
903,40.07603880144107,0.9450134909433386
904,40.32513839622746,1.0591136720111038
905,40.68574771149001,1.2242909305347984
906,40.859988386528514,1.3041019498514301
907,40.89800878286859,1.321517209440232
908,40.86389905258541,1.3058932321920163
909,40.36586046800977,1.0777664352474352
910,40.31670822642505,1.0552522289537123
911,37.96946956019109,0.8177760797542671
912,32.176698286845706,0.5541517269617884
913,31.487608002372895,0.5227917833894232
914,30.470735984311105,0.4765147572503425
915,30.718411782730037,0.4877862832574177
916,32.431414404237486,0.5657436522121778
917,33.658287797188294,0.6215776717018138
918,37.42047556952136,0.7927918056222614
919,38.518438645627555,0.8427592204691755
920,39.830832730437294,0.9024852177321121
921,40.012462789424475,0.9158924701368617
922,37.82590823682497,0.8112427196106401
923,35.64091019013054,0.711805219192987
924,34.96139823050832,0.6808811774662881
925,34.71805488801752,0.6698068180373768
926,34.73821693654561,0.6707243766191642
927,36.76480201598102,0.7629526305471868
928,38.72924033358949,0.8523526354227812
929,40.22749322323291,1.0143872567448535
930,40.37284510957818,1.0809657534491839
931,40.42794457749437,1.106204089430284
932,40.36286669998911,1.0763951384634078
933,40.18201058474587,0.9935539137951692
934,39.50129028738098,0.8874880066963309
935,36.34771763057526,0.7439714562570197
936,32.87509543143638,0.5859352182385817
937,31.60257522807271,0.5280238491895902
938,30.7754928478397,0.4903839965342187
939,31.51227367050072,0.5239142980701448
940,32.55813028229218,0.5715103897138653
941,33.716428270948356,0.6242235978126148
942,37.04771745542759,0.7758278842210693
943,39.634372311291884,0.8935444623660477
944,40.054662903427044,0.9352222512748158
945,40.02861423718947,0.9232906480266045
946,37.642632706157826,0.8029019978947415
947,36.89357753283775,0.7688131005510833
948,35.42948525204679,0.7021834406285569
949,35.06213401318149,0.685465581762113
950,36.35705043994605,0.7443961848910381
951,38.3024975482043,0.8329319151323592
952,40.09340119313677,0.9529663422434289
953,40.33629858135072,1.0642255998101233
954,40.45030151804828,1.1164446960740224
955,40.566216485048216,1.169539598675121
956,40.5145861928638,1.145890320193257
957,40.256101319764994,1.0274912081868985
958,39.93925206134283,0.907419294116533
959,37.91396276123031,0.815250010061347
960,32.82102336266826,0.5834744419606127
961,32.202955388855926,0.555346666516109
962,32.06204992357381,0.5489341723337745
963,31.950737534391664,0.5438684351984325
964,33.16067841356502,0.5989318696303998
965,35.42550817284558,0.7020024469588696
966,37.60816107049948,0.8013332215334261
967,40.0659937712645,0.9404123603675919
968,40.16073712001749,0.9838095937390567
969,40.01652834114357,0.9177546979244545
970,40.02097906950472,0.9197933560456187
971,37.3298590292642,0.7886679198946296
972,35.56443324557597,0.7083248150719899
973,35.57140515737727,0.7086421011600492
974,36.25309339347109,0.7396651834753117
975,38.461652969281516,0.8401749500969811
976,40.07235884539479,0.9433278854265496
977,40.34018987326914,1.066008007817894
978,40.632877700829866,1.200073798449333
979,40.697488226376024,1.2296686786418212
980,40.609423423010966,1.1893305559794083
981,40.39268624738213,1.0900539955154265
982,40.12683206204882,0.9682793667362558
983,37.224927094291175,0.7838925520889276
984,32.06300020756679,0.5489774189925488
985,32.180667716154076,0.5543323724910173
986,31.654180654240413,0.5303723705504525
987,32.13587405445007,0.5522938490419279
988,33.28541037607539,0.6046083207343191
989,34.980702946656876,0.6817597195423271
990,37.27266793317108,0.7860651991964349
991,40.01849864354169,0.9186571958212383
992,40.070982662660086,0.9426975243079536
993,40.06167951068055,0.9384362113729524
994,39.64079827391433,0.8938369027469074
995,37.03501831842297,0.775249956729047
996,36.51679560813635,0.751666058771554
997,36.151071178466566,0.7350222346807027
998,36.03718548923706,0.7298393887337895
999,38.68102864420901,0.8501585602884071
1000,40.10049263888736,0.956214582148712
1001,40.33504770526986,1.0636526354604958
1002,40.48777312756553,1.1336085836125998
1003,40.56227295218521,1.1677332616792642
1004,40.50482150529824,1.141417600676161
1005,40.36548847402824,1.0775960432374168
1006,39.98099980306449,0.9093192002016507
1007,38.344004485566714,0.834820862405129
1008,32.25503061395821,0.5577165680479163
1009,31.662096487796234,0.5307326137569415
1010,31.951816425093575,0.5439175346448986
1011,30.776581864756338,0.49043355681655704
1012,32.796371873213985,0.5823525725398999
1013,34.28877611652578,0.6502706870627623
1014,36.95903554347326,0.7717920418685618
1015,39.075102355945944,0.8680925373620754
1016,40.03732129644317,0.927278920421294
1017,39.60946070822088,0.8924107553842384
1018,39.01906635035351,0.8655423839017867
1019,36.324191477984,0.7429008000101373
1020,35.929756848534126,0.7249503978621835
1021,34.82980241976509,0.6748923581602299
1022,35.74391567661367,0.7164929158802594
1023,36.78212077260889,0.7637407932057407
1024,39.9290207971805,0.9069536775289334
1025,40.320414117986715,1.056949714244953
1026,40.42691724946809,1.1057335213672734
1027,40.4980395033992,1.1383111016658152
1028,40.351603354726464,1.0712359581162902
1029,40.209165647987334,1.0059923026870328
1030,38.71260588968805,0.8515956152849828
1031,36.823648438786876,0.7656306838302036
1032,33.82196983357815,0.6290267092817338
1033,33.59017523939518,0.6184779240822464
1034,31.7954658703582,0.5368021468873124
1035,32.6430160905055,0.5753734744440481
1036,33.31124151017593,0.6057838748323179
1037,35.268865118188174,0.6948737477655301
1038,38.29833025613155,0.8327422650281627
1039,40.053030456157444,0.9344745080711204
1040,40.174201405555365,0.9899769157659641
1041,40.097601567662764,0.9548903256781647
1042,38.82660798844189,0.8567837589355454
1043,37.020117292672694,0.7745718230545074
1044,36.9381447008043,0.7708413164526907
1045,36.17065036377316,0.735913267626955
1046,36.70307924424452,0.7601436769421199
1047,38.702009108910886,0.8511133643307776
1048,40.169438490796594,0.987795260525407
1049,40.41057841529724,1.0982495110503223
1050,40.57060847761883,1.1715513528410981
1051,40.80768372851756,1.28014377780039
1052,40.74553923747227,1.2516784658165931
1053,40.43288756628988,1.1084682276640991
1054,40.17973962400268,0.9925136992086426
1055,39.34646564321335,0.8804420618990927
1056,34.145518899757036,0.6437511665653302
1057,33.32865605872206,0.6065763969038815
1058,32.73851075448022,0.5797193596512386
1059,32.24556463678522,0.557285779054527
1060,34.094962849233426,0.6414504014444362
1061,35.37172146495007,0.6995546572242675
1062,38.420782811069756,0.8383149821302363
1063,40.22338007089708,1.0125032254734252
1064,40.319993585477064,1.056757089140375
1065,40.31609285478254,1.0549703576969736
1066,40.03587760649381,0.926617637592762
1067,37.999122859264375,0.8191255775002473
1068,37.22930784437365,0.7840919164951407
1069,37.0863614429058,0.7775865409515949
1070,37.80884429888806,0.8104661535453772
1071,40.01952731777064,0.919128380512979
1072,40.18942540514661,0.9969502756039276
1073,40.53048642921996,1.1531734305845565
1074,40.65763969357823,1.2114160403289709
1075,40.8669419068588,1.3072870129561076
1076,40.738706519717425,1.2485487363857577
1077,40.4479667033967,1.1153752331761242
1078,40.19670541763034,1.0002848885858653
1079,39.37683839115526,0.881824301183347
1080,33.65837502990499,0.6215816415924573
1081,32.18982123818165,0.5547489419025169
1082,31.626074138042213,0.5290932656467089
1083,31.07933355247603,0.5042115421651554
1084,32.54415745617196,0.5708744976565397
1085,34.84353962871222,0.6755175274698708
1086,37.257553861459186,0.7853773699718568
1087,40.08155306927097,0.9475393037949713
1088,40.10374584528243,0.957704714796445
1089,40.151177992064106,0.9794310308944799
1090,39.20352030309516,0.873936734656715
1091,37.427548818304174,0.7931137034746922
1092,36.16126956202082,0.7354863548983246
1093,35.90720437002847,0.7239240527383433
1094,37.44478428368306,0.7938980756156208
1095,36.96873247373411,0.7722333413508752
1096,39.437282112708644,0.8845750462452484
1097,40.30117968170944,1.0481393720850003
1098,40.55896773883336,1.1662193072216587
1099,40.696725443953355,1.2293192858111464
1100,40.59395502179542,1.1822452478678642
1101,40.31210964991851,1.0531458489232668
1102,40.129299912007966,0.9694097665164276
1103,38.7555717378326,0.8535509564118468
1104,33.65093027967765,0.6212428370086456
1105,32.60969214419944,0.5738569285003392
1106,31.779571184184654,0.5360787925276086
1107,32.34870163219858,0.5619794606072442
1108,33.23045204871589,0.6021072115420102
1109,35.30667569995106,0.696594476873516
1110,38.82227313515651,0.856586483255584
1111,38.948599734842404,0.8623355050123909
1112,40.071093026965315,0.9427480767274395
1113,40.04399528757952,0.9303359450533679
1114,39.395618054621224,0.8826789485348927
1115,37.67284111604546,0.8042767582865699
1116,35.8278585853855,0.7203130900166556
1117,35.79065906586145,0.7186201698587609
1118,36.532998849897,0.7524034552473898
1119,40.00330258193286,0.9116966329886436
1120,40.22836753520144,1.0147877357340107
1121,40.36324155494117,1.0765668409422502
1122,40.58804922206831,1.1795400936551812
1123,40.610084158499944,1.189633206166356
1124,40.46738922449728,1.1242717276737162
1125,40.384127094101686,1.0861334715180948
1126,40.050904898053986,0.9335008952289042
1127,38.56475391083744,0.8448669908676982
1128,31.818415472345066,0.5378465647807774
1129,31.452579061424252,0.5211976445134274
1130,31.04223566186848,0.5025232470573575
1131,31.164346114660113,0.5080803953664084
1132,31.544786588726723,0.5253939347794627
1133,34.310773211511886,0.65127175713016
1134,36.037792677960226,0.7298670214033035
1135,38.99837914504984,0.8646009258583182
1136,39.716845031673046,0.8972977294134726
1137,38.52592544669206,0.8430999387527021
1138,37.70629089337709,0.8057990306988573
1139,36.41251747315687,0.7469204448767213
1140,35.38993937647214,0.7003837396975107
1141,34.77042163935313,0.6721899866931493
1142,36.18197670376351,0.7364287202330682
1143,37.52248772179988,0.7974342964703185
1144,39.13645813582092,0.8708847894632488
1145,40.23108901471433,1.0160343106449705
1146,40.5239848291133,1.150195369740916
1147,40.60925518841847,1.1892534960488947
1148,40.29884058911642,1.0470679496741087
1149,40.12182401496479,0.9659854285242191
1150,40.01339473411605,0.9163193478206428
1151,36.42815536151264,0.747632112574668
1152,32.09833904333155,0.5505856609319112
1153,31.71970902975373,0.5333545141168193
1154,31.05300604432648,0.503013398484168
1155,30.974198984251643,0.4994269526834677
1156,31.9555885524644,0.5440892011219366
1157,33.86089286558703,0.6307980651039942
1158,36.240132005623124,0.7390753211587315
1159,40.021977759128816,0.9202508062756685
1160,40.01981784539704,0.9192614568225017
1161,40.01363858895597,0.916431045639394
1162,37.87937989344056,0.8136761716153627
1163,36.387627338137435,0.7457877148886402
1164,35.01171545756121,0.6831710739234753
1165,33.85919907899326,0.6307209822409766
1166,35.055270207720056,0.6851532155064676
1167,36.327257170574825,0.7430403172095882
1168,38.25471636034925,0.8307574317755066
1169,40.136038943855226,0.9724965830752974
1170,40.51787419003246,1.1473963887704244
1171,40.4987208606894,1.1386231976780543
1172,40.515366277735154,1.1462476384183027
1173,40.24200248045581,1.0210332285205628
1174,40.002620273311834,0.9113841012188915
1175,36.757384914951956,0.7626150842561087
1176,33.78612241805358,0.6273953222873198
1177,32.49799601324719,0.5687737275862615
1178,32.387663457374614,0.5637525818752815
1179,32.508081981458986,0.5692327318722336
1180,33.187688674284374,0.6001610848306722
1181,35.03957303808542,0.6844388499652899
1182,37.678161612138965,0.8045188897764908
1183,40.08452729390743,0.9489016487230979
1184,40.220158471061936,1.0110275702246316
1185,40.103546038581285,0.9576131932474083
1186,39.955434493590886,0.9081557435682199
1187,38.4187169741393,0.8382209675561978
1188,37.16926715973145,0.7813595133182971
1189,37.31587092401273,0.7880313324963525
1190,37.91818637131911,0.8154422231530719
1191,38.40203850575689,0.8374619438997458
1192,40.2580992080144,1.02840634179523
1193,40.394165114418215,1.0907313912243068
1194,40.7432748346593,1.2506412550929438
1195,40.753697441754014,1.25541533494532
1196,40.62753323829298,1.197625764988293
1197,40.30132329371989,1.0482051536307695
1198,40.138178804212615,0.9734767470713334
1199,38.04018803105872,0.8209944203779915
1200,34.409776909330645,0.6557773356399876
1201,32.682116710794176,0.5771529121658201
1202,32.55908177354718,0.5715536913141614
1203,32.29142027857132,0.5593726323614009
1204,33.440125317060236,0.611649273028108
1205,36.269445654411015,0.7404093616939164
1206,38.703579637998914,0.8511848378440302
1207,40.23396480807072,1.0173515690811428
1208,40.21362671557334,1.0080356966947774
1209,40.26631414839953,1.0321691989215451
1210,40.04270095940937,0.9297430774547613
1211,38.941597376262905,0.8620168333159896
1212,36.989765396711206,0.7731905327270797
1213,36.87784721770613,0.7680972265850463
1214,37.56876968304705,0.7995405512323343
1215,38.89562620569002,0.8599247223871233
1216,40.239687840713586,1.0199730067489394
1217,40.53320559995338,1.1544189479580507
1218,40.76563616493935,1.2608838724527083
1219,40.93604481183307,1.3389396295596556
1220,40.835047170685314,1.2926776147528543
1221,40.45700453455257,1.1195150157888927
1222,40.219744839477954,1.0108381060921545
1223,38.972666388342176,0.8634307590200799
1224,32.92530567499719,0.5882202459632526
1225,33.010853346911034,0.592113451577112
1226,32.015684997793485,0.5468241419227085
1227,31.920700891956116,0.5425014918049369
1228,33.550139790675956,0.616655943071892
1229,34.19542436770405,0.6460223241974077
1230,36.80172352850859,0.7646328988306915
1231,40.0768963462193,0.9454062897134601
1232,40.14927024053432,0.9785571844509844
1233,40.11792673598546,0.9642002781405216
1234,38.67911126136727,0.850071301740321
1235,37.65476385941382,0.8034540769040492
1236,37.43396276312724,0.7934055969351859
1237,36.541136176412536,0.7527737784199948
1238,36.92187988916251,0.7701011179811775
1239,38.26539486368691,0.8312434018575876
1240,40.073341977390584,0.9437782094779824
1241,40.22289348307635,1.012280343703992
1242,40.61568130954676,1.1921969837126514
1243,40.7490898082839,1.2533048063686465
1244,40.473611147400376,1.127121682248878
1245,40.32668475310528,1.0598219814722494
1246,40.02469903652272,0.9214972886059449
1247,37.929218599984225,0.8159442909897707
1248,32.35763499413707,0.5623860107104959
1249,32.655472499272335,0.5759403555695611
1250,32.173094742509576,0.5539877325628135
1251,31.926712733858828,0.5427750858855431
1252,32.12636354999695,0.5518610336479008
1253,34.75246398683984,0.6713727483976769
1254,38.57153322895782,0.8451755121725323
1255,38.626601666517956,0.8476816323913443
1256,40.126344154053754,0.9680558802603808
1257,40.03129947804551,0.924520623804557
1258,39.95270903388433,0.90803171009317
1259,37.33530208135963,0.788915628809441
1260,36.66984113097101,0.7586310371905575
1261,36.440537652142254,0.7481956206434813
1262,37.79034003446506,0.8096240393823578
1263,38.42418072186943,0.8384696183126681
1264,40.12471908926125,0.9673115186036252
1265,40.271907363984965,1.0347311738279936
1266,40.6919810691236,1.227146122793392
1267,40.62444603492301,1.1962116701006316
1268,40.55606684472586,1.1648905513751948
1269,40.37549887165814,1.082181310359635
1270,40.00233906170887,0.9112552921180808
1271,38.61863497669509,0.8473190747571228
1272,33.903848391393026,0.6327529364695479
1273,32.373513052948255,0.5631086083723369
1274,32.40019860752223,0.5643230464575834
1275,32.84466028190921,0.5845501391084666
1276,32.926742024576725,0.5882856130751966
1277,35.387470242880084,0.7002713714173818
1278,39.217786254786546,0.8745859666225816
1279,40.140920228318635,0.9747324576121238
1280,40.27354782645229,1.0354825883965963
1281,40.322788338844575,1.0580372271732976
1282,40.06525142834647,0.9400723298611879
1283,38.86521895626606,0.8585409129682228
1284,38.621360184148884,0.8474430967523525
1285,36.79469375853634,0.7643129796638946
1286,37.20799687071985,0.7831220712566948
1287,39.63065352199179,0.893375223261628
1288,40.22509257423977,1.013287638397288
1289,40.445939040803665,1.114446461416351
1290,40.633732562071955,1.200465368024521
1291,41.00085793034471,1.368627307550801
1292,40.74399359593794,1.2509704840188507
1293,40.430524573004476,1.107385857530346
1294,40.255306051691505,1.0271269352893018
1295,39.27122018950621,0.8770177019342178
1296,33.199502126718556,0.6006987055315857
1297,31.762384305457992,0.5352966315260709
1298,31.84602666034659,0.5391031276974293
1299,32.51276559430197,0.5694458793186282
1300,33.081659246195045,0.5953357709976155
1301,34.805708703700034,0.6737958725570025
1302,37.367232148708,0.7903687404449833
1303,39.763314578986396,0.8994125210662022
1304,40.099959632613604,0.9559704383860602
1305,40.05005139157694,0.9331099462044508
1306,39.71219750144293,0.897086224057714
1307,36.517398660041025,0.7516935031777918
1308,36.63803723634116,0.757183667573764
1309,35.73798776045432,0.7162231411926059
1310,36.791660601451184,0.7641749431290892
1311,37.63668726675934,0.8026314257385946
1312,40.151221740804914,0.9794510700248238
1313,40.42812420263141,1.106286366804832
1314,40.63341385606169,1.200319384593642
1315,40.52500106323494,1.1506608562359277
1316,40.6234208569649,1.1957420868773136
1317,40.36923440069344,1.0793118666257853
1318,39.69133048318773,0.8961365828717156
1319,38.19594767597482,0.8280829163058624
1320,33.609710544166006,0.6193669600606749
1321,32.6863321458255,0.5773447532172671
1322,32.19414051266162,0.5549455086035974
1323,32.74314364592844,0.5799301988078294
1324,33.79395964524714,0.6277519881816044
1325,34.11464925862481,0.6423463140723853
1326,38.01372185091883,0.8197899658464671
1327,40.05298878207516,0.9344554192390473
1328,40.06773775845191,0.9412111944806524
1329,40.14383274685498,0.9760665380334341
1330,40.05224453004894,0.9341145142647725
1331,37.382401359432365,0.7910590790015883
1332,36.89451357485187,0.7688556990688764
1333,35.966000025080675,0.7265997956218003
1334,36.77788087910797,0.7635478390690505
1335,39.658909073914884,0.8946611106611175
1336,40.09903501083271,0.9555469149647979
1337,40.447208491640424,1.115027933941245
1338,40.492266814351595,1.1356669188595596
1339,40.87850091893132,1.3125816236180423
1340,40.68719464288769,1.22495369811019
1341,40.400603119265625,1.0936803222309375
1342,40.1691798942889,0.9876768102791279
1343,37.98432154627719,0.8184519816732064
1344,33.788759928551826,0.6275153532647697
1345,33.04575103263697,0.5937016171336887
1346,32.38862813264528,0.563796483469507
1347,32.472712192099564,0.5676230812597212
1348,34.12742471587582,0.6429277148373215
1349,36.18654737749756,0.7366367279116224
1350,39.287327482933094,0.8777507318787007
1351,40.144904856089695,0.9765576181490423
1352,40.3035861663748,1.0492416634648378
1353,40.195408603113904,0.9996908821152217
1354,40.19433184416005,0.9991976721936779
1355,37.8107144624679,0.8105512631829037
1356,38.05566716720715,0.8216988633909059
1357,37.77726048956099,0.8090287998333667
1358,37.355499213566176,0.7898347840211642
1359,40.088448235814724,0.9506976379215698
1360,40.284609008604164,1.0405491678401955
1361,40.58311872228738,1.1772816760200964
1362,40.74753660065491,1.252593358917853
1363,40.817490140890555,1.2846356093842293
1364,40.728050366832505,1.2436676807794695
1365,40.539441192035,1.1572751637065666
1366,40.31040319792889,1.0523642078243869
1367,39.63909109108006,0.8937592102317802
1368,32.85798409192596,0.5851564949659052
1369,32.15542005095777,0.5531833715926866
1370,31.553634912521694,0.5257966148653278
1371,31.69483173698321,0.5322223685691375
1372,32.36961580757598,0.5629312478758738
1373,34.07189282165035,0.6404005030791277
1374,36.603370431933726,0.755606009239946
1375,38.393310472398156,0.8370647381347031
1376,40.060296854810204,0.9378028852316703
1377,39.99700281567917,0.9100474844103995
1378,38.300222506045486,0.8328283797969573
1379,35.3489018403741,0.6985161544980358
1380,35.091082560610786,0.686783006828669
1381,35.905851168740625,0.7238624696381529
1382,35.73013953278664,0.715865974675609
1383,37.835961405603555,0.811700231220836
1384,39.17214448325612,0.8725088463787052
1385,40.3606130820738,1.0753628677669602
1386,40.4645003071204,1.1229484577740794
1387,40.57896059459817,1.1753770437678919
1388,40.64691330900027,1.2065028150642076
1389,40.36569711899199,1.077691613156603
1390,39.81376180595073,0.9017083337146049
1391,37.28869224350571,0.7867944526472576
1392,33.13061137312104,0.5975635428480358
1393,32.153120249613025,0.5530787094866839
1394,31.540407609175958,0.5251946509487211
1395,32.309050810963,0.5601749836837344
1396,32.8097177584974,0.5829599330249362
1397,35.948885880104214,0.725820944674625
1398,37.618462772379814,0.8018020436848136
1399,40.09972880092465,0.955864705827451
1400,40.13070499623579,0.970053365976908
1401,40.12512938882604,0.9674994565032244
1402,38.69871358616719,0.8509633877462683
1403,36.91461682575573,0.7697705818181645
1404,36.38179474123673,0.7455222781036385
1405,36.33111546452707,0.7432159050583135
1406,36.56277776081653,0.7537586694872737
1407,37.48481782905418,0.7957199700061366
1408,39.77943175021592,0.9001460005415236
1409,40.233241213926775,1.0170201264591012
1410,40.4161379218522,1.1007960455202488
1411,40.64351956390564,1.204948308602136
1412,40.63634453180005,1.2016617819294697
1413,40.33145879262314,1.0620087324136878
1414,39.213767825381424,0.8744030911384344
1415,38.03839168776554,0.8209126702422257
1416,33.85969810008622,0.6307436922888028
1417,31.75510005383508,0.5349651311044152
1418,31.63748242824591,0.5296124477409953
1419,32.49598774448006,0.5686823328929471
1420,33.13503685183383,0.5977649428181716
1421,35.2972485964509,0.6961654569896526
1422,37.776873192349754,0.8090111742493701
1423,40.029794532701914,0.923831282915227
1424,40.17486110089702,0.9902790895129618
1425,40.032538539728804,0.9250881765640815
1426,39.78000398693358,0.9001720425734318
1427,36.78188653961426,0.763730133450902
1428,36.45310889605781,0.7487677278240782
1429,36.07769149925599,0.7316827846097117
1430,36.37125382319408,0.745042569417466
1431,38.324634028991525,0.833939328535248
1432,40.04005899906505,0.9285329263346099
1433,40.27654661468884,1.036856184692766
1434,40.54456160291976,1.1596205702079019
1435,40.569038700051564,1.170832315522655
1436,40.596462549144135,1.1833938218941142
1437,40.270889080953054,1.03426474882871
1438,40.121795087199416,0.9659721781483226
1439,37.64392898457025,0.8029609904807404
1440,32.53515475697556,0.570464792070552
1441,32.52116031813662,0.5698279164358131
1442,31.650283738504356,0.5301950250554678
1443,31.57185805418502,0.5266259353580851
1444,32.88643060057949,0.5864510726523227
1445,33.805435828713186,0.6282742600435508
1446,37.333166248417356,0.7888184287733079
1447,40.086647921421275,0.9498730031065351
1448,40.09082162253797,0.9517847687741828
1449,40.044834036960296,0.9307201345832603
1450,39.19079574113252,0.8733576500953405
1451,37.60751906729229,0.801304004484798
1452,35.004752433697305,0.6828541923182841
1453,34.8759642084337,0.6769931439650314
1454,36.44345738081107,0.7483284951424606
1455,37.5788658492676,0.8000000196214667
1456,40.11627580986766,0.9634440706921205
1457,40.282505390833435,1.039585604777223
1458,40.3741785945123,1.0815765568210858
1459,40.504301969051966,1.1411796268656411
1460,40.31285741959957,1.053488365160912
1461,40.28791757184858,1.0420646567175853
1462,40.024262862960555,0.9212974991102532
1463,37.692021915568944,0.8051496610168551
1464,34.35416085320175,0.6532462937413864
1465,32.99511288841522,0.5913971159947441
1466,31.711248774143883,0.532969494701351
1467,32.865638499127584,0.5855048408696736
1468,34.00074095305628,0.6371624388741076
1469,36.13299033333031,0.7341993899882293
1470,39.379164219301714,0.8819301477481224
1471,40.06087542206855,0.9380678982237414
1472,40.39309837310586,1.0902427698879427
1473,40.14905983222765,0.9784608068317813
1474,40.09328858329266,0.9529147612538483
1475,37.65693286651609,0.8035527866694722
1476,36.82926576288382,0.7658863237233745
1477,37.76595538826594,0.8085143137831621
1478,37.584952659617414,0.8002770254556906
1479,39.97587008524572,0.9090857508772822
1480,40.22354301253462,1.0125778609635494
1481,40.490311924991204,1.1347714809116212
1482,40.843116961912784,1.2963739862424308
1483,40.80212894831459,1.27759940823811
1484,40.586594586257974,1.1788737970701182
1485,40.43808100131611,1.1108470829061716
1486,40.243213937349736,1.0215881368939426
1487,39.667892724751994,0.8950699493716228
1488,31.853385815410988,0.5394380369143493
1489,31.222943751321786,0.510747126592477
1490,30.82194927246576,0.4924981909840238
1491,30.59016058617447,0.4819496746479262
1492,31.815632761538623,0.5377199258543048
1493,33.67260795476139,0.6222293705336774
1494,36.84290113595901,0.7665068585645429
1495,39.13137248380578,0.8706533455380956
1496,39.672240879286505,0.8952678303807138
1497,39.13096956549646,0.8706350090505129
1498,37.983236997252504,0.818402624721031
1499,35.8653997795016,0.7220215595099106
1500,34.61840323444602,0.6652717515833692
1501,34.440735451486646,0.6571862339468872
1502,35.20373491381426,0.6919097246468688
1503,36.44430977249914,0.7483672868013207
1504,39.4136153662685,0.8834979916855952
1505,40.23375465876951,1.0172553100995052
1506,40.277364694289275,1.0372309064205019
1507,40.47130447153246,1.1260651083334567
1508,40.37486291475825,1.0818900100165343
1509,40.20829104917621,1.0055916923095007
1510,39.30334474840264,0.8784796647233898
1511,36.256169651810836,0.7398051815134817
1512,32.327827651117715,0.5610295025486605
1513,31.969432077751037,0.5447192088025178
1514,30.383933973206247,0.47256446767065574
1515,31.345153080722795,0.5163087746963453
1516,32.678587139928055,0.5769922842398565
1517,34.143953347753424,0.643679919555179
1518,37.010176858526606,0.7741194419065933
1519,38.586239886026064,0.8458448002849762
1520,40.00132416970466,0.9107904203805578
1521,38.721699704395164,0.8520094674644411
1522,36.92376049878713,0.7701867030097851
1523,37.00022734916068,0.7736666477527376
1524,34.934741351045574,0.6796680443622465
1525,34.89906519181207,0.6780444511036396
1526,35.099770709007146,0.687178397461214
1527,36.58802535584519,0.7549076671923309
1528,39.53659266934916,0.8890945896527851
1529,40.17374647574738,0.9897685349634612
1530,40.457277020998916,1.1196398283278044
1531,40.543956950836275,1.1593436090499865
1532,40.45311357652051,1.1177327607179222
1533,40.23775749360661,1.0190888103911837
1534,40.05555568225246,0.9356311890160427
1535,36.72494576944453,0.7611388048837664
1536,33.55617122589345,0.6169304288284656
1537,32.82815847102222,0.5837991549922792
1538,31.33453381886931,0.515825500646472
1539,31.840269221553044,0.5388411112973215
1540,33.56146628500555,0.6171714027018599
1541,35.355364758786834,0.6988102767071325
1542,37.916646507277136,0.8153721451813557
1543,40.00777263585991,0.9137441431939328
1544,40.11260643226858,0.9617633106378131
1545,40.11205458516733,0.961510536825678
1546,39.23042088473012,0.8751609584502367
1547,37.575521782880486,0.7998478338548626
1548,36.41982652500859,0.7472530739368062
1549,35.75181548480289,0.7168524297852275
1550,37.03805486964542,0.7753881477283051
1551,40.004838859175706,0.9124003254684648
1552,39.79014023127998,0.9006333348857766
1553,40.38731740235242,1.0875947936426127
1554,40.52694741833166,1.151552385060569
1555,40.7170143591114,1.2386126324951816
1556,40.589190183913814,1.1800627117400306
1557,40.41803752324239,1.1016661587886505
1558,40.16213069001657,0.9844479191018991
1559,38.49792018801375,0.8418254419970949
1560,32.913981105372685,0.5877048739250624
1561,33.719631473406125,0.624369372975304
1562,32.685272294025836,0.5772965202159006
1563,33.07306402841763,0.594944609562655
1564,33.30078967668024,0.6053082203120926
1565,35.625556334189554,0.711106477581362
1566,38.95499050816805,0.8626263439567093
1567,40.13929816814765,0.9739894722236101
1568,40.282589727595465,1.0396242352688794
1569,40.28965504958225,1.042860509172436
1570,39.44310117844853,0.884839867238025
1571,39.19002214531197,0.8733224443729161
1572,37.36040403105886,0.7900579983129185
1573,36.9316475586124,0.770545636746982
1574,36.98420497549999,0.7729374824383852
1575,39.82884554960634,0.9023947827337806
1576,40.05410489623118,0.9349666558285846
1577,40.55287041063562,1.1634264233071452
1578,40.61671250822934,1.1926693247315148
1579,40.833676135030885,1.2920496112566848
1580,40.72895939231664,1.2440840603100132
1581,40.59164301521142,1.181186232215546
1582,40.20067998314302,1.0021054401008154
1583,39.080510719203716,0.8683386676158377
1584,33.303075664928755,0.6054122537952167
1585,32.273754890663696,0.5585686947926236
1586,31.437542430967476,0.5205133395779664
1587,31.598741475538937,0.5278493782010439
1588,32.13670745877184,0.5523317766010484
1589,34.95459229208312,0.6805714446928319
1590,36.48983833096865,0.7504392548100229
1591,40.019676061232886,0.9191965125225429
1592,40.09697208204854,0.9546019895103566
1593,40.192583898707284,0.9983970249954057
1594,38.31328120802702,0.8334226708013395
1595,37.14651152805425,0.7803239228573221
1596,36.87396873237809,0.7679207198430786
1597,36.276451331429,0.7407281844097787
1598,36.048221858082144,0.7303416449867424
1599,38.14038035466905,0.8255540922897905
1600,40.04295903416009,0.9298612887100277
1601,40.33064796410359,1.0616373320468016
1602,40.47465559965575,1.1276000940726985
1603,40.60381689361387,1.1867624826755587
1604,40.4067918108246,1.0965150551740235
1605,40.32036287590738,1.0569262427875392
1606,40.0693003818366,0.941926954822559
1607,37.85262154279461,0.8124584206395403
1608,32.44353359536824,0.5662951868348052
1609,31.517127856548534,0.5241352081656422
1610,30.675729244579017,0.4858438353400662
1611,30.924611310147483,0.4971702575930981
1612,31.470546191252474,0.522015314113865
1613,33.51287226649383,0.6149599280768069
1614,36.15410396055381,0.7351602541496555
1615,39.31589981388532,0.8790510356365435
1616,39.32914199405532,0.8796536765854344
1617,39.67908967364288,0.8955795134930639
1618,37.572984701715015,0.7997323733354202
1619,36.34213587129629,0.7437174348900567
1620,35.03580056731414,0.6842671678603734
1621,35.20938527086682,0.6921668678432313
1622,35.21052643997582,0.69221880152982
1623,36.19294230862391,0.7369277560741008
1624,38.470506495773876,0.8405778669534115
1625,40.145933433325936,0.9770287584132349
1626,40.29551826897476,1.0455461594437616
1627,40.49320895850869,1.136098468413095
1628,40.35122395418486,1.0710621735281203
1629,40.33477431091654,1.063527407054393
1630,38.25648133732375,0.830837754455385
1631,37.05670317467683,0.7762368170633439
1632,32.22170141489953,0.5561997830556682
1633,31.743994603969746,0.5344597310298967
1634,30.421068920990116,0.47425444922068705
1635,31.38960338337168,0.5183316721515168
1636,33.033386068910545,0.5931388975982772
1637,34.11645437827143,0.6424284636129238
1638,36.9853897966474,0.7729914026940665
1639,39.71091764769719,0.8970279789450609
1640,40.01290189979288,0.9160936048379716
1641,39.474372072278385,0.8862629804179067
1642,37.082919527091164,0.7774299021363921
1643,36.971450478891256,0.7723570355753883
1644,35.447290337720844,0.702993735730115
1645,34.75166615385719,0.6713364396615362
1646,35.928378876301835,0.7248876874562723
1647,37.13947620374141,0.7800037509169608
1648,39.46634949709801,0.885897879486097
1649,40.278420209907736,1.037714385822746
1650,40.34947124533704,1.0702593444546016
1651,40.606993209063646,1.18821739539133
1652,40.34511966516902,1.0682661012077523
1653,40.19356141482292,0.9988447766904153
1654,40.09055210603874,0.9516613166208792
1655,37.99085637340964,0.8187493763901929
1656,32.838173106805115,0.5842549129968921
1657,32.25607334097694,0.5577640217143018
1658,31.956297442204345,0.5441214621227731
1659,32.057237813830724,0.5487151770969999
1660,33.09441656014867,0.5959163460757084
1661,35.2264033361336,0.6929413462802415
1662,37.83310002854425,0.8115700122565854
1663,39.48381452111575,0.8866926986557001
1664,40.12014321686095,0.965215538199227
1665,40.167516915134414,0.9869150819318723
1666,38.723809635603544,0.852105488733537
1667,37.6317500673929,0.8024067377738595
1668,36.10054526358053,0.7327228410083912
1669,36.25598782680213,0.7397969068038516
1670,36.701573284307216,0.7600751419188869
1671,39.4012276614726,0.8829342372224367
1672,40.13756144246733,0.9731939642471348
1673,40.28919344792337,1.042649072325643
1674,40.65749788453502,1.2113510846331559
1675,40.62905559842595,1.198323082729705
1676,40.560399202499,1.1668749897954567
1677,40.404585009303204,1.0955042287478018
1678,40.073936933504285,0.9440507293925928
1679,39.028813656388536,0.8659859759449908
1680,32.40299622380361,0.5644503637202098
1681,31.678808854151725,0.5314931800828326
1682,31.218720799062716,0.5105549434380524
1683,31.900973118636642,0.5416036967379517
1684,32.79737844593802,0.5823983808534668
1685,35.32704133888839,0.6975213006907733
1686,38.337715596086696,0.8345346601125262
1687,38.87868979647993,0.8591539600514546
1688,40.06475479086437,0.9398448448398581
1689,39.47854079640453,0.8864526956936992
1690,38.24231943759486,0.8301932578104856
1691,36.64245796978297,0.7573848515904407
1692,35.28942103853298,0.6958092311363112
1693,35.00971285455368,0.6830799370743148
1694,36.09532548722848,0.7324852931927432
1695,37.12296679770549,0.779252421151666
1696,40.065517777379824,0.9401943311553206
1697,40.217212704642606,1.009678260595617
1698,40.70182430334914,1.2316548206432967
1699,40.54037894647621,1.1577047025487757
1700,40.4981379309111,1.138356186431769
1701,40.19138415581267,0.9978474822246624
1702,40.116444389074545,0.9635212884734108
1703,38.32361889316806,0.8338931305219257
1704,32.802877868915616,0.5826486551617018
1705,32.65681287085086,0.5760013548000187
1706,31.643041924890603,0.5298654559534123
1707,32.696723886074395,0.5778176729422538
1708,33.58233408084038,0.6181210792748806
1709,35.43571236410219,0.702466831480346
1710,36.801639540470845,0.764629076602772
1711,39.95997360736817,0.908362314978573
1712,40.21913626182737,1.0105593468264693
1713,40.20783462052469,1.0053826249610416
1714,40.037268874048024,0.9272549083196929
1715,37.053132522450525,0.7760743195577826
1716,36.82098886119908,0.7655096485972899
1717,36.86103468340956,0.7673321016968722
1718,36.21713695496139,0.7380288349326964
1719,38.75761561925802,0.853643971808543
1720,40.14387437406117,0.9760856053938928
1721,40.38435094490242,1.086236006477727
1722,40.48553108579307,1.132581615373575
1723,40.69143219498412,1.226894710747728
1724,40.60527427804546,1.1874300382678191
1725,40.39514642265178,1.091180879900624
1726,40.089830686268826,0.9513308699718431
1727,38.46745496507587,0.8404389942502911
1728,33.294831221128916,0.6050370558013193
1729,32.255769365815425,0.5577501880496466
1730,31.702951208586953,0.532591879179094
1731,31.994536287827977,0.5458616811739633
1732,32.289012025372955,0.5592630346989315
1733,35.35299218672492,0.6987023028644304
1734,37.82560300607081,0.8112288288049749
1735,40.02481181444027,0.9215489465816381
1736,40.19995469643548,1.0017732221992681
1737,39.73461754868126,0.8981065423412923
1738,38.24363130101966,0.8302529596578392
1739,37.7560996567037,0.8080657873815851
1740,36.39020762023705,0.745905141447783
1741,36.17332175741818,0.7360348405991114
1742,36.5504615242522,0.7531981674857448
1743,38.8186356119632,0.8564209425061996
1744,40.14961271543683,0.9787140552336125
1745,40.40042420332627,1.0935983697047043
1746,40.56743763162393,1.170098945411592
1747,40.504801981478494,1.1414086577817755
1748,40.646976435847805,1.206531730345022
1749,40.4523387776582,1.1173778637516876
1750,40.13067893548744,0.9700414288394402
1751,37.92007841757652,0.8155283286536221
1752,33.940513521824585,0.6344215370104578
1753,33.40995664719679,0.6102763211727574
1754,31.949551197421947,0.5438144459588996
1755,32.30480169865888,0.5599816100067398
1756,33.80944342855659,0.628456642683071
1757,35.704440864629504,0.7146964489959523
1758,37.844228685278964,0.8120764684570299
1759,40.120139148770505,0.9652136748085705
1760,40.25289559862972,1.0260228261837032
1761,40.17579070795321,0.9907048964418134
1762,40.021601547982826,0.9200784825915849
1763,38.099404288810305,0.823689304551373
1764,37.73274001209931,0.8070027087790119
1765,36.21602841375328,0.7379783861155857
1766,37.076786816938224,0.7771508074391145
1767,39.11674191147371,0.8699875199806852
1768,40.22252377077564,1.0121109968189035
1769,40.340883793347885,1.066325858221058
1770,40.57479297931518,1.1734680657191006
1771,40.599659499114395,1.184858186261241
1772,40.682210000294404,1.2226704803356279
1773,40.36843808996289,1.0789471161386563
1774,40.13994572563881,0.9742860862227448
1775,39.44197746752195,0.8847887280592506
1776,32.81335416654876,0.5831254230251092
1777,31.88806864481453,0.5410164245328268
1778,31.723013830613468,0.5335049129409131
1779,31.766094693078216,0.5354654882768095
1780,32.38477722239347,0.5636212316470387
1781,34.60571338010105,0.664694246537707
1782,37.8297634611654,0.8114181677638046
1783,39.847301219681896,0.9032346854072051
1784,39.881111364186054,0.9047733578391272
1785,40.07258014359594,0.9434292511668029
1786,38.19526978058185,0.8280520658327815
1787,37.80421242830553,0.8102553608475613
1788,36.387886915078184,0.7457995280260448
1789,35.74171401970652,0.7163927202485263
1790,36.35387876189479,0.7442518443786869
1791,37.78235605494328,0.8092606949078704
1792,40.069819909630894,0.9421649247616457
1793,40.26991022066056,1.0338163814328942
1794,40.52760029153163,1.1518514339225094
1795,40.66027936935204,1.2126251450005796
1796,40.46784618434465,1.1244810383366637
1797,40.252949864245565,1.0260476825733713
1798,39.55376765845547,0.8898762095672812
1799,37.280776674628356,0.7864342214860723
1800,32.20642967524161,0.5555047784899156
1801,31.871409158981564,0.540258264756904
1802,31.24802753818927,0.511888669520117
1803,30.358289137251177,0.47139739185113694
1804,32.130075409303245,0.5520299573738873
1805,34.36786587068403,0.6538699980434018
1806,36.00608280875983,0.7284239308080382
1807,38.469217505607034,0.8405192060495964
1808,38.30521395271407,0.8330555365127004
1809,39.2369022106044,0.8754559183680748
1810,37.09088042894403,0.7777921963647628
1811,36.129258672828996,0.7340295651258136
1812,34.22561769618288,0.6473963982464743
1813,34.887776741623284,0.6775307228318641
1814,35.74877394022866,0.7167140115425532
1815,36.40280625001385,0.7464784949368575
1816,38.39617082321942,0.837194910395687
1817,40.016791811267254,0.9178753805327254
1818,40.33812834900819,1.0650637257059448
1819,40.39237102834632,1.0899096092947524
1820,40.24777717738702,1.0236783310388091
1821,40.18433230411715,0.9946173783940528
1822,38.780073488242564,0.8546660113293149
1823,36.21564320434004,0.7379608555455939
1824,33.19304062872784,0.60040464796475
1825,32.26764113078424,0.5582904625070223
1826,31.49790930576461,0.5232605874059145
1827,31.869287646343167,0.5401617164262609
1828,32.261678577155934,0.5580191114960675
1829,34.76025907425337,0.6717274965445283
1830,37.442845962474394,0.7938098641793282
1831,39.42620670448602,0.8840710133416817
1832,40.11090676956853,0.9609847793760629
1833,39.94384365983342,0.907628254063896
1834,39.18066079362501,0.8728964168010883
1835,37.441208628712005,0.793735350439177
1836,34.573155194119366,0.6632125497293055
1837,36.235888184138815,0.7388821882626834
1838,34.855342334842376,0.6760546591151473
1839,37.642762158799016,0.802907889180128
1840,40.100129576464866,0.9560482812433184
1841,40.28372913326706,1.040146140547571
1842,40.41084474607757,1.0983715039836552
1843,40.51935376869339,1.1480741104393861
1844,40.59842101459438,1.1842908978716131
1845,40.17324169706265,0.9895373208606216
1846,40.105467020435825,0.958493099847091
1847,37.90138426793533,0.8146775729673337
1848,32.14669418545665,0.5527862644850972
1849,31.298791826664264,0.5141989113823792
1850,31.454444284747467,0.5212825293238561
1851,31.518283735359987,0.5241878112789358
1852,31.65370402230983,0.5303506794153654
1853,34.089578554554336,0.6412053665322949
1854,36.361519901602264,0.744599586489488
1855,39.79717055884498,0.9009532794281703
1856,39.343729525162715,0.8803175433713922
1857,40.06981983179247,0.9421648891077217
1858,38.25380728388173,0.8307160604380103
1859,36.015944711563094,0.7288727380578214
1860,35.13313051668706,0.6886965754271496
1861,34.797298223988875,0.6734131184025733
1862,35.20922683105697,0.6921596573751572
1863,37.43483317484923,0.7934452086712694
1864,38.98621991972699,0.8640475693118681
1865,40.08530733817396,0.9492589483490914
1866,40.41126671257605,1.0985647859274583
1867,40.38381952491727,1.0859925893152855
1868,40.38413646089481,1.086137761981882
1869,40.169724953267604,0.9879264747886803
1870,39.18837116557668,0.8732473096155348
1871,38.383949494222165,0.8366387275610581
1872,33.2809022100287,0.6044031577302471
1873,31.765963700553428,0.5354595269125613
1874,31.672044853849584,0.5311853558795634
1875,32.09662696599247,0.5505077456718137
1876,32.70055799978705,0.5779921603677602
1877,35.62359221345004,0.7110170920292094
1878,37.265472136715104,0.7857377242981488
1879,40.0147488224908,0.9169395886077626
1880,40.11136801819211,0.9611960545148822
1881,40.115994653295445,0.9633152867981698
1882,39.110900973614704,0.8697217036053924
1883,37.55243032747366,0.7987969603265612
1884,36.35596023623448,0.744346570598619
1885,35.81243571399902,0.7196112075677193
1886,37.109376321375265,0.7786339295251827
1887,38.67233718958134,0.8497630191919402
1888,40.095913797959625,0.9541172420089843
1889,40.34705062975418,1.0691505804016654
1890,40.66180352200331,1.2133232838057963
1891,40.66689956059311,1.2156575265665026
1892,40.57615608474772,1.1740924367735828
1893,40.38484841099387,1.0864638710439334
1894,40.20676308317404,1.0048918067971893
1895,37.7507525969156,0.8078224469993286
1896,32.87741503479448,0.5860407815182554
1897,32.9542816420834,0.5895389188762996
1898,32.9117076961937,0.5876014129052568
1899,32.62900110722234,0.5747356638482074
1900,33.638867394432,0.6206938648214771
1901,35.48546891507242,0.7047312120208084
1902,38.56617602976051,0.844931710353933
1903,40.08810967174911,0.9505425584995255
1904,40.172747009259126,0.9893107288904386
1905,40.161275083782755,0.9840560082829194
1906,40.02965977744864,0.9237695582110512
1907,37.90393946074836,0.8147938577332622
1908,36.64599339201891,0.7575457458075295
1909,36.06053839453918,0.7309021606361472
1910,37.66854863120763,0.8040814107605159
1911,39.51333583019695,0.8880361896434994
1912,40.19079107726806,0.9975758223314134
1913,40.532608111435636,1.154145268074633
1914,40.69907124439642,1.230393780755762
1915,40.81344256649436,1.2827816161174517
1916,40.71640533528765,1.2383336688596727
1917,40.454807815155604,1.1185088074842846
1918,40.14034260501765,0.9744678770001524
1919,40.0421750919741,0.9295022036402839
1920,32.592998179966344,0.5730971996402096
1921,32.27099463368809,0.5584430777218995
1922,31.69152698922374,0.532071972161594
1923,31.2206674625711,0.5106435345256835
1924,33.20131232659715,0.6007810862693878
1925,34.78187003146303,0.6727109937928726
1926,36.87591105968602,0.7680091135937213
1927,40.05110194081237,0.9335911507527173
1928,40.13385890218635,0.9714980140115119
1929,39.75093648546692,0.8988492040044894
1930,40.000392952707784,0.910363876017658
1931,37.5885863344876,0.8004423910709914
1932,36.050213623394754,0.7304322886211402
1933,36.51063652241376,0.751385763743355
1934,36.515062647887234,0.7515871931470488
1935,38.05460347949305,0.8216504558201643
1936,40.008204946881946,0.9139421634513922
1937,40.35788126440279,1.074111557458034
1938,40.57046132706293,1.171483950463
1939,40.619208832647814,1.1938127672505467
1940,40.47462867299319,1.1275877603028412
1941,40.32647296149622,1.0597249702307692
1942,40.04333569581782,0.9300338187512155
1943,37.30455226345964,0.7875162293752407
1944,32.385788588837784,0.5636672581189529
1945,30.58511004888946,0.48171982876584557
1946,31.066231977517305,0.5036153000461289
1947,30.943945165206642,0.4980501257574784
1948,32.57996154340445,0.5725039128152948
1949,33.84237157026173,0.6299551758783345
1950,36.874308995253315,0.7679362049323443
1951,38.550946009743086,0.8442386044154014
1952,39.92854142938714,0.9069318618869352
1953,39.88881556561125,0.9051239698378867
1954,37.75080918529453,0.8078250222908544
1955,36.836602446969536,0.7662202103041614
1956,34.76384839052862,0.6718908434359182
1957,35.06867315035292,0.6857631726255005
1958,36.01020116108552,0.7286113537037817
1959,37.466223228876274,0.7948737447357053
1960,40.053254589353344,0.9345771723819859
1961,40.14737658209954,0.977689793355969
1962,40.303975016881665,1.0494197766138371
1963,40.4084886803753,1.0972923070324618
1964,40.450188431127,1.1163928965590348
1965,40.22988473413686,1.0154826893865605
1966,39.47016860536722,0.8860716840259636
1967,36.50964068301562,0.7513404438948003
1968,33.14931578151112,0.5984147654017192
1969,33.31595695906488,0.6059984711115105
1970,33.384090627700985,0.6090991794685311
1971,32.581554382443684,0.572576401636449
1972,33.804794593812275,0.6282450779599227
1973,35.51517206310102,0.7060829783525759
1974,37.539050427459884,0.7981880518585561
1975,40.065817411158875,0.9403315785421439
1976,40.15207206234162,0.9798405601859238
1977,40.085744649263674,0.9494592588897925
1978,40.12101495366824,0.9656148376346201
1979,38.473086727130365,0.840695291203276
1980,37.25043987732762,0.7850536182865293
1981,36.58619396031992,0.754824321857728
1982,37.37077133484742,0.7905298059542868
1983,39.75195779815613,0.8988956831219941
1984,40.173350511417254,0.9895871633245346
1985,40.500331827438615,1.1393611017197554
1986,40.67587232065392,1.2197675033350102
1987,40.75208387772648,1.2546762412191161
1988,40.578539419210514,1.175184124192753
1989,40.315918317312835,1.0548904107307315
1990,40.157496870782765,0.9823253961244283
1991,39.18200846977288,0.872957748456611
1992,32.28862705984352,0.5592455152278952
1993,31.61506320117843,0.5285921667827316
1994,30.390166301733913,0.4728480959198942
1995,30.906585515593726,0.49634991820827357
1996,32.375565547326715,0.5632020157375858
1997,34.35596597674825,0.6533284434594061
1998,36.1343298313177,0.7342603494622577
1999,39.052790438075036,0.8670771399588767
2000,40.0670722947381,0.9409063785281948
2001,40.01111349138489,0.915274423564918
2002,38.12902087002297,0.825037131297103
2003,36.27987587356452,0.7408840325628449
2004,35.079809306194136,0.6862699701042382
2005,35.29808644820997,0.6962035869480607
2006,35.82721345333056,0.7202837305766874
2007,37.62536533701305,0.802116173839135
2008,39.6917275731425,0.8961546541155799
2009,40.2734956760641,1.0354587008879093
2010,40.43365865404657,1.10882142475674
2011,40.5656013225464,1.1692578232153736
2012,40.48984872211348,1.134559310625812
2013,40.16589727499874,0.9861732050416085
2014,38.54168040858755,0.8438169343731025
2015,38.05549697999717,0.8216911183081176
2016,32.63060803605657,0.5748087938845787
2017,32.28357412480254,0.5590155602258723
2018,32.30292979943614,0.5598964213815029
2019,32.03714547106553,0.5478007907683127
2020,33.03082464142018,0.5930223290972078
2021,36.00668873041174,0.7284515058141603
2022,37.52219741035263,0.797421084630289
2023,40.00342428985246,0.9117523813557793
2024,40.18392949145658,0.9944328698742927
2025,40.151331280731384,0.9795012448372468
2026,39.97288913823667,0.9089500903809693
2027,38.36152184518956,0.8356180633259479
2028,36.7362303572246,0.761652357380434
2029,36.5698391973099,0.7540800297719298
2030,36.89988318029515,0.7691000654857325
2031,38.76007236493925,0.8537557763248318
2032,40.12912348982513,0.9693289562564898
2033,40.41660813810172,1.101011428284151
2034,40.686368903800485,1.2245754679511
2035,40.75745682605421,1.257137322609419
2036,40.62925477319996,1.19841431482423
2037,40.34306138161476,1.0673233035029577
2038,40.12563300851167,0.9677301397260074
2039,38.663377766428866,0.8493552830638391
2040,34.15242486718853,0.6440654515782582
2041,32.316423665430165,0.5605105163494347
2042,32.13866445933772,0.5524208381198361
2043,32.48883843311785,0.5683569734938206
2044,33.2314413170881,0.60215223234847
2045,36.38696043877039,0.7457573648358381
2046,37.829363330404874,0.8113999581353215
2047,40.065630543671986,0.9402459838060013
2048,40.11195162830154,0.9614633773871497
2049,40.09772902090296,0.9549487056919762
2050,39.76468971238927,0.8994751022792747
2051,38.26927567155984,0.8314200142967012
2052,36.74374775240767,0.7619944679776434
2053,36.89382677073239,0.7688244431668303
2054,36.93058570145281,0.7704973124833017
2055,38.48016538191705,0.8410174350785865
2056,40.28628583183972,1.0413172374749895
2057,40.42187066216272,1.103421929789572
2058,40.56140293972395,1.1673347520813422
2059,40.647987107816235,1.2069946690932642
2060,40.54393949231374,1.1593356121659155
2061,40.460435108341244,1.1210863916507872
2062,40.09176976360456,0.9522190652148029
2063,38.691691342443576,0.8506438110929823
2064,33.392612743974524,0.609487014112956
2065,32.04016117974933,0.5479380332404323
2066,31.452570799991157,0.5211972685422642
2067,32.02752326788237,0.547362892055089
2068,33.259776698260424,0.6034417527127652
2069,35.269144727838594,0.6948864725754096
2070,37.372285840673854,0.7905987298940479
2071,40.06081607654161,0.9380407149785205
2072,40.0887690985892,0.9508446092592637
2073,40.06061733584387,0.9379496817128197
2074,38.820302393297254,0.8564967963816074
2075,38.277074142658265,0.8317749164323256
2076,36.6853108260739,0.759335050549096
2077,36.363686147822904,0.7446981706094121
2078,37.39034101818052,0.791420406473382
2079,39.983916071440575,0.9094519172254958
2080,39.824109865715826,0.902179265575972
2081,40.311381365330035,1.0528122578410088
2082,40.53697716155243,1.1561465134393598
2083,40.60201217162437,1.1859358289591815
2084,40.50135841685429,1.139831331461845
2085,40.342155652354066,1.0669084338090402
2086,40.01229005804436,0.9158133504507641
2087,38.56862627526485,0.8450432190524096
2088,33.370965586686836,0.608501869428231
2089,32.61463236895132,0.5740817541479276
2090,32.11814663527089,0.5514870884799679
2091,31.881562501901776,0.5407203352115648
2092,33.93384335708221,0.6341179831878998
2093,35.312629640747545,0.6968654359214348
2094,36.90695937580119,0.7694220974411625
2095,39.707269944221494,0.8968619748992286
2096,40.03691487104264,0.9270927570843738
2097,40.106274404054474,0.9588629222755793
2098,39.40954064864427,0.8833125545699533
2099,37.44346288610244,0.793837939876519
2100,37.46230481125184,0.7946954207071067
2101,36.431084921411696,0.747765434485013
2102,37.22725566526479,0.7839985234775576
2103,38.01765622970544,0.8199690162546943
2104,40.03838706847898,0.9277670977801022
2105,40.379642056994,1.0840790982601967
2106,40.61279850541109,1.1908765139858954
2107,40.536365560427456,1.1558663692698727
2108,40.58536072550699,1.17830862659997
2109,40.37786452317009,1.0832648980952488
2110,40.086547941469576,0.9498272072448322
2111,38.03889037110575,0.820935364919196
2112,32.72424322544643,0.57907005590179
2113,32.091851922113804,0.5502904372726612
2114,31.761456043178335,0.5352543870577243
2115,32.04001266147402,0.5479312742934
2116,32.60168431449995,0.5734924986234827
2117,34.55539274506167,0.6624041949858008
2118,37.60771023103575,0.801312704192722
2119,40.008001321580394,0.9138488927907268
2120,40.0584571730508,0.9369602181770157
2121,40.091643493095816,0.952161226951662
2122,39.461939001439845,0.885697161382704
2123,37.835790692861366,0.8116924622215006
2124,36.83588756266427,0.7661876764954878
2125,35.280453713289134,0.6954011353904003
2126,36.369692979808434,0.7449715366927243
2127,37.994952266175815,0.8189357771694811
2128,40.03344554338304,0.9255036299945335
2129,40.26263450636591,1.030483737238396
2130,40.411239945281764,1.0985525251563113
2131,40.61360012586751,1.1912436965953415
2132,40.46522798467154,1.1232817708026106
2133,40.31308314980751,1.05359176098386
2134,39.9016488830046,0.9057080037712764
2135,37.35289402119621,0.7897162238156903
2136,33.3610072514666,0.6080486736168575
2137,32.75642230731211,0.5805344999873574
2138,32.798861111743875,0.5824658557795482
2139,32.22646470131086,0.556416556381957
2140,33.41189305760926,0.6103644456502554
2141,34.84813090471938,0.675726472741273
2142,37.37295294375423,0.7906290892176792
2143,40.146735099083855,0.977395961773046
2144,40.10816563405716,0.9597292010261776
2145,40.05811645514885,0.936804152189278
2146,39.63506843241977,0.8935761422776384
2147,37.80489133874656,0.8102862575146612
2148,36.16879619687019,0.7358288859853019
2149,36.16282042061958,0.7355569332234612
2150,37.64101075700758,0.8028281842958918
2151,38.25191884677828,0.8306301191871488
2152,40.03189298428589,0.9247924796040407
2153,40.46602114389978,1.1236450777426927
2154,40.66147470532502,1.2131726691788969
2155,40.659318393632844,1.2121849696415818
2156,40.49902150101239,1.1387609061127866
2157,40.345105330076834,1.0682595350123467
2158,40.11556879123624,0.9631202204910284
2159,39.31094855876559,0.8788257080058021
